Nr	mı Tỏaq	English	Proofread (by)		✔️	❌	❓	Recorded (by)			
séu	mủa tỏamē (example sentence) 	example translation (mủa tỏaqdōasē)	Hỏemāı	Chảı	Hỏaqgīo	Ilmen	Tảq	Hỏemāı	Tảq	Ilmen	Chảı
A0001	Nủokūaı jí da.	I'm tired.		✔️	✔️						
A0002	Nủokūaı súq da.	You are tired.		✔️	✔️						
A0003	Nủokūaı hó da.	They are tired.		✔️	✔️						
A0004	Mả nủokūaı súq moq.	Are you tired?		✔️	✔️						
A0005	Bủa súq tì hı moq.	Where do you live?		✔️	✔️	✔️					
A0006	Tỉ hó ní da.	They are here.		✔️	✔️	✔️					
A0007	Bủ tỉ hó ní da.	They are not here.		✔️	✔️	✔️					
A0008	Bủajīo máq da.	It's a house.		✔️	✔️	✔️					
A0009	Mả bủajīo ní moq.	Is this a house?		✔️	✔️	✔️					
A0010	Tỉ déo hı moq.	Where are the children?		✔️	✔️	✔️					
A0011	Bủ nỉe déo búajīo da.	The children are not inside the house.		✔️	✔️	✔️					
A0012	Bủı déo búajīo da.	The children are outside the house.		✔️	✔️	✔️					
A0013	Jảq pỉekūaı jí da.	I'm very thirsty.		✔️	✔️	✔️					
A0014	Mả pỉekūaı súq moq.	Are you thirsty?		✔️	✔️	✔️					
A0015	Pỉe súq ba.	Drink!		✔️	✔️	✔️					
A0016	Chỏ jí baq nảo da.	I like water.				✔️					
A0017	Bủ chỏ jí baq bỉrā da.	I don't like beer.				✔️					
A0018	Bỉa hó da.	He is sick.		✔️	✔️	✔️					
A0019	Chủfāq bủa hó sa bỉajīo da.	He is staying at some hospital.		✔️	✔️						
A0020	Mả kỏa ní nảo moq.	Is this water cold?		✔️	✔️	✔️					
A0021	Bủ kỏa máq da.	It is not cold.		✔️	✔️	✔️					
A0022	Chỉ jí hêq náo sa cỉe da.	I believe the water contains some fish.		✔️	✔️						
A0023	Shỉ dẻ cỏa gào náo da.	There is a beautiful bridge above the water. 		✔️	✔️	✔️					
A0024	Dẻ níchāq da.	Today is beautiful.		✔️	✔️	✔️					
A0025	Chủq jí rào níchāq sa cỉe da.	I ate some fish today.		✔️	✔️	❓					
A0026	Kỉachāq níchāq da.	Today is Monday.		✔️	✔️	✔️					
A0027	Kỉarēo pójī kỉaq da.	My hair is red.		✔️	✔️	❓					
A0028	Mả bủaı póhō kỉaq moq.	Is his hair long?		✔️	✔️	✔️					
A0029	Chũfāq bı nủo bébē da.	The baby is sleeping.		✔️	?	✔️					
A0030	Pủ shỏ shỉe bébē da.	The baby woke up.		✔️	✔️	✔️					
A0031	Tỉ go hı sa cỉurīaq moq?	Where is there a toilet?		✔️	?	✔️					
A0032	Chỏ hó cháı da.	He likes the tea.		✔️	✔️	✔️					
A0033	Pủ pủa pỉe jí cháı da.	I enjoyed drinking the tea.		✔️	✔️	✔️					
A0034	Nỏqgī baq chảı da.	Tea tastes good.				✔️					
A0035	Dảqfāı chủqkūaı jí da.	It's often the case that I'm hungry.		✔️	✔️	✔️					
A0036	Dủ chủqkūaı súq da.	You seem hungry.		✔️	✔️	✔️					
A0037	Shảo jí chûq súq ní da.	I want you to eat this.		✔️	✔️	✔️					
A0038	Chủa hı rảı súq moq.	What is your name?		✔️	✔️	✔️					
A0039	Chủa hı rảı ní moq.	What is the name of this?		✔️	✔️	✔️					
A0040	Bủ dủa jí chûa hı rảı ní da.	I don't know what this thing is named.		✔️	✔️	✔️					
A0041	Bủo chúıhāq da.	Breakfast is ready.		✔️	✔️	✔️					
A0042	Fả déo chíejīo ba.	May the child go to the school.		✔️	✔️	✔️					
A0043	Chỉe jí rào tu chảq sa nïq da.	I learn something new every day.		✔️	❌	❓					
A0044	Chỏ jí súq da.	I'm fond of you.		✔️	✔️	✔️					
A0045	Tủa chỉe súq jí ba.	Teach me.		✔️	?	✔️					
A0046	Chủfāq gẻı hó sa sảo chẻa da.	He's wearing a big hat.		✔️	✔️						
A0047	Lủaı ní chẻa da.	This hat is funny.		✔️	✔️						
A0048	Mả hẻqshēa chéoq moq.	Is the bottle empty?		✔️	✔️						
A0049	Lủı pỏaq chéoq da.	The bottle has broken.		✔️	✔️						
A0050	Mủoq shỉa máq da.	It's made of glass.		✔️	?						
A0051	Dủa súq dâı hóq da.	You know that it is possible.		✔️	✔️						
A0052	Bủ dảı hóq da.	It is not possible.		✔️	✔️						
A0053	Jỉa tỉ dãı jí ríaq da.	I may be there in the future.		✔️	✔️						
A0054	Dủa jí dûa jí sıa da.	I know that I know nothing.		✔️	✔️						
A0055	Mả dảı hóq moq.	Is it possible?		✔️	✔️						
A0056	Nỉq ní dỉaqkūe da.	This monthly periodical is new.		✔️	✔️						
A0057	Bủ nỉq ní dỉaqkūe da.	This monthly periodical is not new.		✔️	✔️						
A0058	Gẻo díaqkūe da.	The monthly periodical is old.		✔️	✔️						
A0059	Nỏaq dĩaq súq ba.	Read regularly!		✔️	✔️						
A0060	Dỉaq sủaıkōı jí da.	I regularly run.		✔️	✔️						
A0061	Sủaıkōı jí dĩaq da.	I run regularly.		✔️	✔️						
A0062	Gỉ díosīao ba.	May the morning be good.		✔️	✔️						
A0063	Chủq hó baq chủıhāq rào baq dỉosīao da.	He eats breakfast in the morning.									
A0064	Dỏq ní kỉaq da.	This hair is short.		✔️	✔️						
A0065	Mả chủq dĩaq súq moq.	Do you eat regularly?		✔️	✔️						
A0066	Dẻ súq da.	You are beautiful.		✔️	✔️						
A0067	Jảq dẻ súq da.	You are very beautiful.		✔️	✔️						
A0068	Mả dẻ ní moq.	Is this beautiful?		✔️	✔️						
A0069	Bủ dẻq nỏaq jí da.	I can't read.		✔️	✔️						
A0070	Mả dẻq lỉaı súq moq.	Can you swim?		✔️	✔️						
A0071	Rào níchāq bı dẻq jí tu da.	Today, I can do anything.		✔️	✔️						
A0072	Dẻq ní dẻo sa lủ bủ dẻq jí hóa da.	This kid can do things that I can't do.		✔️	✔️						
A0073	Chủfāq fả jí jéarīaq da.	I am going to the store.		✔️	✔️						
A0074	Fả súq náokūa ba.	Visit the bathroom.		✔️	❌						
A0075	Fả súq hı rảı moq.	Where are you going?		✔️	✔️	✔️					
A0076	Shảo jí gâq súq hó rào níchāq da.	I want you to accompany him today.		✔️	✔️						
A0077	Kúe pa gủq tóqfūa na ru nẻo déaq da.	The book is on the floor underneath the table.		✔️	✔️						
A0078	Sảo gủa Fárāqsēgūa da.	France is a big country.		✔️	✔️						
A0079	Mả gủa Kánādāgūa moq.	Is Canada a country?		✔️	✔️	✔️					
A0080	Pủ jỉu jí tì ní gủa da.	I was born in this country.		✔️	✔️	✔️					
A0081	Bủ tỉ hó gúaırīaq da.	He isn't at work.		✔️	✔️	✔️					
A0082	Mả tỉjāo gúaırīaq pósūq bủajīo moq.	Is the workplace far from your house?		✔️	✔️	✔️					
A0083	Bủ hóq da.	It's not true.		✔️	✔️						
A0084	Tỉjūı máq chíejīo da.	It's close to the school.		✔️	✔️						
A0085	Gủaı jí nãı da.	I'm working.		✔️	✔️	✔️					
A0086	Kùı hı bı bủ gủaı súq moq.	Why aren't you working?		✔️	✔️						
A0087	Chỏ jí gûaı jí rào baq nủaq da.	I like working at night.									
A0088	Mả gỉ máq moq.	Is it good?		✔️	✔️						
A0089	Jảq gỉ máq da.	It's very good.		✔️	✔️						
A0090	Gỉ cháq da.	The day is good.		✔️	✔️						
A0091	Gỉ núaq da.	The night is good.		✔️	✔️						
A0092	Mả pủa hủosī súq baq gỉaq moq.	Do you enjoy listening to music?									
A0093	Pủa hủosī jí baq gỉaq jãq da.	I really enjoy listening to music.									
A0094	Hủosī jí baq gỉaq rào tu chảq da.	I listen to music every day.									
A0095	Chỏ súq hı gỉaq moq.	What music do you like?		✔️	✔️						
A0096	Dẻ ní gỉaq da.	This music is beautiful.		✔️	✔️						
A0097	Chỏ jí lû rào baq lủ gủo hóa nûo jí bı gẻı jí sıa da.	I like the fact that when I sleep, I wear nothing.									
A0098	Shỉe jí rào baq dỉo da.	I'm awake during the day. 									
A0099	Nủo jí rào baq nủaq da.	I'm asleep at night.									
A0100	Sa gẻo pỏq pa pủa chủq baq gủı da.	Some old people like to eat grains.									
A0101	Pủ gẻı jí bíkīnī tì néaqrēa da.	I wore the bikini at the beach.		✔️	✔️	✔️					
A0102	Kủorēo pójī bỉkīnī da.	My bikini is black.		✔️	✔️						
A0103	Nỏqgī ní hảq da.	This food tastes good.		✔️	✔️						
A0104	Mả nỏqgī ní súq moq.	Does this taste good to you?		✔️	✔️						
A0105	Mỏaq jí lû bảorēo táqchāo da.	I remember that the car is white.		✔️	✔️						
A0106	Mả mỏaq súq sıa rảı moq.	Do you remember nothing?		✔️	✔️						
A0107	Hẻ jỏe mỏaq jí da.	I have a good memory.		✔️	✔️						
A0108	Hẻ bủ jỏe mỏaq jí da.	I don't have a good memory.		✔️	✔️						
A0109	Hẻ nỉeq mỏaq jí da.	I have a bad memory.		✔️	✔️						
A0110	Jỏetāo súq ba.	Practice.		✔️	✔️						
A0111	Jỏetāo jí ba.	May I practice.		✔️	✔️						
A0112	Jỏetāo hó rào tu nủaq da.	He practices every night.		✔️	✔️						
A0113	Hı hảq pa lủ shảo súq bôjēa jí hóa moq.	What food do you want me to buy?		✔️	✔️						
A0114	Mả dủı lỏq háq moq.	Is the food too hot?		✔️	✔️	✔️					
A0115	Dủı lỏq háq da.	The food is too hot.		✔️	✔️						
A0116	Jẻa bỏ hó tì jéarīaq sa hảq da.	He buys some food at the store.		✔️	✔️						
A0117	Chỏaıjāq ní hảq da.	This food is expensive.		✔️	✔️						
A0118	Kùı hı bı beı chỏaıjāq ní hảq moq.	Why is this food so expensive?		✔️	?						
A0119	Bủ chỏaıjāq máq da.	It isn't expensive.		✔️	✔️						
A0120	Chỏaıtūao máq da.	It's cheap.		✔️	✔️						
A0121	Mả hủı háq moq.	Is the food bad?		✔️	✔️	✔️					
A0122	Púchāq pa hủı chảq da.	Yesterday was a bad day.		✔️	✔️						
A0123	Mả hủı chỏaqjīo máq moq.	Is it a bad hotel?		✔️	✔️						
A0124	Bủ hủı hóı chỏaqjīo da.	The afermentioned hotel isn't bad.		✔️	✔️						
A0125	Hủogāı jí sıa da.	I hear nothing.		✔️	✔️						
A0126	Baq ẻlū bı bủaı húohūa pỏ máq da.	About elephants: they have long ears.									
A0127	Hủosī ba.	Listen!		✔️	✔️					Ilmen	
A0128	Hủogāı jí sa lảq da.	I hear a sound.		✔️	✔️					Ilmen	
A0129	Mả hủosī súq moq.	Are you listening?		✔️	✔️					Ilmen	
A0130	Gỉ sa dảqmōa da.	There are good moments.		✔️	✔️					Ilmen	
A0131	Hủı sa dảqmōa da.	There are bad moments.		✔️	✔️					x	
A0132	Hỉo jí súq ka.	Hello to you.		✔️	✔️					Ilmen	
A0133	Bũ rào pú bı hỉo hó jí da.	He didn't greet me.		✔️	!					Ilmen	
A0134	Bủa jí Héorōpā da.	I live in Europe.		✔️	❌						
A0135	Bủa hó Mérīkā da.	He lives in America.		✔️	❌					Ilmen	
A0136	Bủ dủa jí tî pójī jảokūq hı da.	I don't know where my phone is.		✔️	✔️						
A0137	Mả lủı tỉdūashō súq pójī jảokūq moq.	Have you found my phone?		✔️	✔️						
A0138	Bủ pỏjī jảokūq ní da.	This is not my phone.		✔️	✔️						
A0139	Rào shíjūe bı nỉaoshūa da.	In January it snowed.		✔️	✔️						
A0140	Sỉao shíjūe níq nỉaq da.	January is the beginning of the new year.		✔️	✔️						
A0141	Bủ dảqfāı nîaoshūa tì pó jí na rào baq gủjūe da.	It doesn't often snow in February where I am.									
A0142	Gújūe pa sỏq dỏq júe da.	February is the shortest month.		✔️	✔️						
A0143	Chỏsōq jí júe säqjūe da.	I like the month that is March the most.		✔️	✔️						
A0144	Dảqshīu baq sảqjūe sa nẻı mẻahēo jëq hóa hóı lî pảq ja hı nỉaq da.	A March comes before nine other months of the same year. 			?						
A0145	Cúaq jỏjūe bı cả mỏı pó máq jí baq dủao ra rủa da.	Do you like April?			❌						
A0146	Mả chỏ súq baq jỏjūe moq.				❌						
A0147	Jỉu pójī nảqpāo rào sa fẻjūe da.	My dad was born in May.		✔️	✔️						
A0148	Tảo súq hı rảı rào tu fẻjūe moq.	What do you do every May?		✔️	✔️						
A0149	Dảqfāı rủaq jí âı baq cỉjūe nárāq da.	I often say that June is the orange month.									
A0150	Tu shỉ cỉjūe cëo chỉe jí sıa tỏaq rào hóa pa hủı da.	A June in which I don't start learning a new language is bad.		✔️	!						
A0151	Tì pójī gủa rào tu dỉaıjūe bı lủaq púqjī sa gỉopōaq da.	In my country, every July we play with fireworks.		✔️	✔️						
A0152	Cúaq dỉaıjūe pa jảq sủao jìe pójī nảqpāo da.	July is very important to my dad.		✔️	❌						
A0153	Chỏe tîshūe jí na róaıjūe da.	My stay lasts until August.		✔️	✔️						
A0154	Rỉu dủq chỉe jí rào baq rỏaıjūe da.	I generally go back to school in August.			? 						
A0155	Bòı néıjūe bı, dủq chỉe jí da.	Starting September, I'll be going to school.		✔️							
A0156	Ku néıjūe pa	It's September that		✔️							
A0157	Mí Hảlō'īq pa, rảo hı chảq pảq hẻıjūe moq?	Halloween… which day of October is that?		✔️		!					
A0158	Túqsīe da.	It's the last one.		✔️							
A0159	Ỏ, hảı hẻıshījūe da!	Whoa, it's already November!		✔️							
A0160	Bủtīfā shìu héıshījūe súq ba.	Leave before November!		✔️							
A0161	Tủqsīe héıgūjūe júe da.	December is the last of the months.		✔️							
A0162	Dảqfāı kỏa río baq hẻıgūjūe da.	It is usually cold in December.									
A0163	Rào jíachāq bı fả jí Fárīkā da.	I'm going to Africa tommorow.		✔️	✔️						
A0164	Tảo súq rào jíachāq hı moq.	What are you doing tommorow?		✔️	✔️						
A0165	Pủ hı moq.	What happened?		✔️	✔️						
A0166	Jỉa hı moq.	What will happen?		✔️	✔️						
A0167	Nảı hı moq.	What is happening?		✔️	✔️						
A0168	Jíaq pa dẻ ru sảo da.	The world is beautiful and big.		✔️	✔️						
A0169	Fả súq níjāo gẻabūaı jỉo ba.	Go to that tall building!		✔️	✔️						
A0170	Tỉo gẻo ní jỉo moq.	How old is this building?		✔️	✔️						
A0171	Jảq gẻo ní jỉo da.	This building is very old.		✔️	✔️						
A0172	Jảq dẻ baq rủa jìe hó da.	The flowers are very beautiful to him.			baq						
A0173	Gỉ hóq jìe jí da.	It is good to me.		✔️	❌						
A0174	Jỉaı súq pójī mủq ba.	Hold my hand.		✔️	✔️						
A0175	Chủfāq jỉaı hó sa shảmū da.	He is holding an apple.		✔️	✔️						
A0176	Mả chỉ súq lû jỉao moq.	Do you believe in god?		✔️	✔️						
A0177	Mả chỉ súq lû jỉq sa jỉao moq.	Do you believe any gods exist?		✔️	✔️						
A0178	Bủ chủq súq shámū ba.	Don't eat the apple.		✔️	✔️						
A0179	Hẻ lủerēo baq mảojā da.	Bananas are yellow.			baq						
A0180	Dỏa bỏ súq lúerēo jí ba.	Give me the yellow thing.		✔️	❌						
A0181	Nỏalīe hó pó ní jỏa da.	He is frustrated about this week.		✔️	?						
A0182	Chỏaqfā hó rào pújōa jí da.	He visited me last week.		✔️	✔️						
A0183	Lảo jí jóafāo da.	I am waiting for the weekend.		✔️	❌						
A0184	Tu pỏq pa chỏ báq jỏafāo da.	Everyone likes the weekend.		✔️	baq						
A0185	Rảo tu jóafāo sa mỉochāq roı sa lỏachāq da.	It is the weekend on every Saturday and Sunday.		✔️	?						
A0186	Jỏaı súq chũfāq hı moq.	What are you looking for?		✔️	✔️						
A0187	Jỏaı sủq jí da.	I'm looking for you.		✔️	✔️						
A0188	Rào kúaochāq bı cẻo jỏetāo jí ba.	May I start practising on Friday.		✔️	✔️						
A0189	Pủ jẻa bỏ jí sa pủıdūı da.	I bought too many things.		✔️	?						
A0190	Jẻo hóq da.	It's true.		✔️	✔️						
A0191	Jẻo sıa lủ rủaq súq hóa da.	Nothing you say is true.		✔️	✔️						
A0192	Bủ hóq dũafūı da.	It isn't, obviously.		✔️	✔️						
A0193	Hủaqchō súq baq kảfē rı chảı moq.	Do you prefer coffee or tea?		✔️	❌						
A0194	Kủorēo ní kảfē da.	This coffee is black.		✔️	✔️						
A0195	Bủ pỉe déo sa kảfē ba.	May the child not drink coffee.		✔️	❌						
A0196	Kảqgāı jí súq da.	I see you.		✔️	✔️						
A0197	Bủ kảqgāı jí máq da.	I don't see it.		✔️	✔️						
A0198	Kảqgāı súq hı moq.	What do you see?		✔️	✔️						
A0199	Mả kảqgī ní jìe súq moq.	Does this look good to you?		✔️	✔️						
A0200	Ní kảqhūa pa mỉorēo da.	This eye is blue.		✔️	✔️						
A0201	Chỏ hó baq tỉaqrēo kảqhūa da.	He likes brown eyes.		✔️	baq						
A0202	Nảı jẻaq gỉ lúa da.	The story gets better.		✔️	❌						
A0203	Lỏq jẽaq kúa da.	The room is increasingly warm.		✔️	✔️						
A0204	Rủqshūa da.	It's raining.		✔️	✔️						
A0205	Mả dảqfāı rủqshūa moq.	Does it frequently rain?		✔️	✔️						
A0206	Mả hỏ ní moq.	Is that him?		✔️	✔️						
A0207	Hỉo ka.	Hello!		✔️	✔️						
A0208	Pủa chủq súq ba.	Enjoy your meal!		✔️	✔️						
A0209	Pủ dỏa bỏ hı rảı ní súq moq.	Who gave this to you?		✔️	✔️						
A0210	Dỏa bỏ súq ní pójī nảqpīa ba.	Give this to my brother.		✔️	✔️						
A0211	Hảı kảqgāı jí sa sỉu nỉ da.	I've already seen something like that.		✔️	❌						
A0212	Jảı hó kùı jîajūı jéaqcāo da.	He's happy because it will soon be spring.		✔️	✔️						
A0213	Jẻaq sủaı pósūq ba.	Go faster!		✔️	✔️						
A0214	Kùı nâı jéaqcāo bı cẻo rûa tì sa pủı da.	Because it's spring, flowers are popping up all over the place.		✔️	❌						
A0215	Mả jẻı hó ní moq.	Is he this guy?		✔️	✔️						
A0216	Lủ bảı lũı jí hóa na ní da.	This is the thing made by me.		✔️	❌						
A0217	Jẻı jí lú jỉa tảı hóa ba.	May I be the one to succeed!		✔️	✔️						
A0218	Chủfāq pẻo hó mí Sảhārā ga nëaqgūaq da.	He is passing through the Sahara desert.		✔️	?						
A0219	Shảı nủ kảqsī súq jí ba.	Stop looking at me like that.		✔️	✔️						
A0220	Kảqsī hó dùoı sa shỉ hỏrā baq pủao da.	He looks at clouds for an hour.		✔️	?						
A0221	Kảı súq pósūq chủa ba.	Write your name.		✔️	✔️						
A0222	Ché chỉe pa kảı lú kủq ché chỉetūa hóa da.	The learner writes what the teacher says.		✔️	✔️						
A0223	Tủoq ní kảıfūa da.	This desk is heavy.		✔️	✔️						
A0224	Bủ dẻq hỉe jí ní kảıfūa da.	I can't carry this desk.		✔️	✔️						
A0225	Bỏ jí sa shỉ bảorēo kảıfūa ru sa shỉ kủorēo kảıfūa da.	I have a white desk and a black desk.		✔️	✔️						
A0226	Bủ dẻq kảı jí láı da.	I can't write letters (of the alphabet).		✔️	❌						
A0227	Pủ kủq jí mó « Chủa hı rảı súq moq » teo da.	I said "What's your name?".		✔️	✔️						
A0228	Chỉ jí lû bủ hủogāı hó lû kủq súq da.	I think he didn't hear you say anything.		✔️	✔️						
A0229	Kủq súq sa ba.	Say something.		✔️	✔️						
A0230	Hoı kủa pa sảo rı nủı moq.	Is the afermentioned room big or small? 		!	✔️						
A0231	Fỏaq baq nìe ní kủa da.	It's comfortable in this room.		✔️	baq						
A0232	Nỉefā súq níjāo kủa ba.	Go inside that room.		✔️	✔️						
A0233	Pảq go ní jỉo sa sảq kủa da.	This building has three rooms.		✔️	✔️						
A0234	Mả pủ chỏ súq póhō kủa moq.	Did you like his room?		❌	✔️						
A0235	Kủaq kỉe súq hó ba.	Be thankful towards him.		✔️	❌						
A0236	Kủaq kỉe jí ka.	I hereby thank.		✔️	❌						
A0237	Kùı hı rảı bı bủ kủaq shẻo súq moq.	Why aren't you apologizing?		✔️	✔️						
A0238	Kủaq shẻo jí ka.	I hereby apologize.		✔️	?						
A0239	Kủı hóq hı moq.	Why is it?		✔️	✔️						
A0240	Bỏ hó sa pủı gẻo kủe da.	He has many old books.		✔️	✔️						
A0241	Chỏ jí baq kủe kùı pủa lỉechō jí da.	I like books because I enjoy reading.		✔️	baq						
A0242	Jảq chủqkūaı jí nãı da.	I'm very hungry now.		✔️	✔️						
A0243	Mả mảo chủqkūaı súq moq.	Are you also hungry?		!	✔️						
A0244	Jảı jí kùı nâı sa kủaochāq da.	I'm happy because it's Friday.		✔️	?						
A0245	Hı kỉq pa lủ chỏ súq hóa moq.	What movies do you like?		✔️	✔️						
A0246	Fả súqjī sa kỉqjīo ba.	Go to a movie theater.		✔️	✔️						
A0247	Bủ chỏ jí máq kỉq da.	I don't like this movie.		✔️	❌						
A0248	Mẻo hó kùı lû kỉachāq níchāq da.	He's sad because today is a Monday.		✔️	✔️						
A0249	Kỉe jí rào tu chảq kùı mîe jí da.	I am thankful every day because I'm alive.		✔️	✔️						
A0250	Mả bỏ súq sa kỏqpīutā moq.	Do you have a computer?		✔️	❌						
A0251	Dảqfāı lû pójī kỏqpīutā pa sủo da.	My computer is often broken.		✔️	❌						
A0252	Rào kóacāo bı hẻ bảı baq dẻo sa nỉaopōq da.	In winter, children build snowmen.		✔️	❓						
A0253	Rào baq kỏacāo bı hẻ shỏ kỏa baq shỉqhūa da.	In winter, one's nose can get cold.		!	baq						
A0254	Jủa kẻa ní da.	This is a strange machine.		✔️	✔️						
A0255	Mả dẻq súq lî nỏaq ja túq nỉ lảı moq.	Are you capable of reading all of these letters?		✔️	✔️						
A0256	Chủfāq lảo súq hı moq.	What are you waiting for?		✔️	✔️						
A0257	Lảo ba.	Wait.		✔️	❌						
A0258	Shảo jí kûq súq sa lủa da.	I want you to tell a story.		✔️	✔️						
A0259	Sỏq nỉo jí túq mẻmēa pỏjī lủo da.	I'm the youngest in my family.		✔️	❌	!					
A0260	Jảq pảıgī pó póhō lủo da.	His family is very friendly.		✔️	?						
A0261	Dủa jí tâo jí rào lúechāq hı da.	I know what I did on Wednesday.		✔️	✔️						
A0262	Mả pủ kủq jí sa lủaı moq.	Did I say something funny?		✔️	✔️						
A0263	Bủ lủaı hóq da.	It's not funny.		✔️	✔️						
A0264	Rào púchāq bı nỏaq jí sa jảq lủaı da.	Yesterday I read some very funny things.		✔️	✔️						
A0265	Rào baq lỏqcāo bı hẻ gẻı jí sıa jảkē da.	I don't wear jackets in the summer.		✔️	baq						
A0266	Tảolīe jí rào ní lỏqcāo sa pủı gỉ da.	I'll do a lot of fun things thís summer.		✔️	❌						
A0267	Mả rào ní lỏqcāo bı fả hó Fárāqsē moq.	Does he go to France this summer?		✔️	✔️						
A0268	Dủa jí tâo súq hı rảı rào dáqfīa lỏqcāo da.	I know what you did last summer.		✔️	✔️						
A0269	Sa pỏq pa fả rào tu lỏachāq sa jỉaojīo da.	Some people visit a church every Sunday.		✔️	✔️						
A0270	Dảı nảı lỏı hó jí da.	It's possible that he hates me now.		✔️	✔️						
A0271	Lỏı jí baq kỉachāq da.	I hate Mondays.		✔️	baq						
A0272	Lú lẻaqbūa hóa jí pa pảo sa sảq fủ da.	My neighbors are parents of 3.		✔️	✔️						
A0273	Pảı pójī lẻaqbūa jí da.	My neighbors are my friends.		✔️	✔️						
A0274	Mảı jí súq da.	I love you.		✔️	✔️						
A0275	Mả mảı súq jí moq.	Do you love me?		✔️	✔️						
A0276	Tảq mảı ba.	Love yourself.		✔️	❌						
A0277	Mảo lû pủ kảqgāı jí sa tỉqshōaı da.	I also saw a butterfly.		✔️	✔️						
A0278	Mảo dủ sủo máq da.	It, too, seems broken.		✔️	✔️						
A0279	Mả jỏe súq pó shú ‹tủa› moq.	Do you understand "tua"?		✔️	❌						
A0280	Mủıdūa hó sıa küq jí da.	He doesn't understand anything that I say.		✔️	?						
A0281	Mỉ Sảrā ní da.	This is Sarah.		✔️	✔️						
A0282	Mả pảı hó mí Lỉ moq.	Is he friends with Lee?		✔️	❌						
A0283	Mỏaq súq hı lủ rảq hóa hoı chảq moq.	What do you remember of that day?		!	✔️						
A0284	Mỏı jí nãı da.	I'm thinking.		✔️	✔️						
A0285	Jỉ da.	It's me.		✔️	✔️						
A0286	Mả mỉ Lỉ súq moq.	Are you Lee?		✔️	❌						
A0287	Mả tảoshāo fả sa bủ jỉ moq.	Does anybody other than myself intend to go?		✔️	?						
A0288	Bủ sủao mâ mỏıjōe súq da.	It's not important if you are smart.		✔️	?						
A0289	Mỏı jí lû bảokīarēo hẻlū da.	I think of there being a pink elephant.		✔️	?						
A0290	Mỏı shìu tâo ba.	Think before you do.		✔️	❌						
A0291	Ní pa mẻa lú pảı hóa jí da.	This is one of my friends.		✔️	✔️						
A0292	Bủ dủa jí mâ hảı bỉaq lỏq náo da.	I don't know if the water is hot enough already.		✔️	✔️						
A0293	Mả bỉaq lỏq náo moq.	Is the water hot enough?		✔️	✔️						
A0294	Hảı bỉaq lỏq náo da.	The water is already hot enough.		✔️	✔️						
A0295	Dủa jí pû kảqgāı súq hı da.	I know what you saw.		✔️	✔️						
A0296	Tỉa go jío sa shỉ dẻ mẻırīe da.	Behind the building there is a beautiful valley.		✔️	✔️						
A0297	Kùı hı bı mẻo súq moq.	Why are you sad?		✔️	✔️						
A0298	Mẻo jí kùı bû nỉtī súq da.	I'm sad because you aren't here.		✔️	✔️						
A0299	Kảqsī súq ní nảrāqrēo fủq ba.	Look at that orange clothing.		✔️	✔️						
A0300	Pủjāo chẻo chỏakōy hó da.	A long time ago they talked to each other.		!	✔️						
A0301	Bủ nảqfū ní dẻo jí da.	This boy is not my son.		✔️	❌						
A0302	Ní lỉqdēo bı rủaq hó lû fủ hó súq da.	This girl said she was your daughter.		✔️	✔️						
A0303	Nỉe sa pỏq náokūa da.	Someone is in the bathroom.			✔️						
A0304	Tẻa déo kùı nûaqchū da.	The child is scared because it's midnight.			✔️						
A0305	Nủo súq hu bébē ba.	Sleep, baby!			✔️						
A0306	Nủı máq da keo chỏqgī máq da.	It's small but it's useful.			✔️						
A0307	Nẻo púqhō sa sảo nủofūa da.	They are on a big bed.			✔️						
A0308	Bỏ hoı pỏq sıa nủaı da.	The afermentioned people have no money.			✔️						
A0309	Chỏ hó to ru baq nủaı to shú ‹ nủaı › da.	He likes money and the word "money".			baq						
A0310	Nủejī gâq fả jí súq Méhīkō ka.	I hereby promise to go with you to Mexico.			?						
A0311	Hı rảı ní moq.	What is this?			❌						
A0312	Mả shủ ‹ Lỉ › pósūq chủa moq.	Is "Lee" your name?			✔️						
A0313	Bủ mủıdūa jí da.	I don't understand.			✔️						
A0314	Pủ bủaq hó lî mủıdūa sa pỏq pó ja rảı da.	He failed to be understood.			✔️						
A0315	Chẻo kảqgāı súq roı jí nĩqgūo ba.	Let's look at each other again.			✔️						
A0316	Nỉqgūo tảo súq hóq ba.	 Do it again!			✔️						
A0317	Nỉodē níjāo nỉaı da.	That animal is youthful.			❌						
A0318	Ní nỉaı pa bủa tì tî baq nỉao da.	This animal lives where there is snow.			❌						
A0319	Nỏqgāı súq ní pỉsō ba.	Taste this pear.			✔️						
A0320	Sỏqchō súq hı rảı baq shảmū roı baq pỉsō moq.	What's your favorite out of apples and pears?			baq						
A0321	Nỏqgī háq lü lủı bảı súq hóa da.	The food that you have made tastes good.			✔️						
A0322	Nẻo kúe tóqfūa da.	The book is on the table.			✔️						
A0323	Dẻq chỏa bébē shú ‹ mảmā › ru shú ‹ pảpā › da.	The baby can say "mama" and "papa".			✔️						
A0324	Hẻ cả shỏ chủqkūaı chûq da.	Appetite comes with eating.			❌						
A0325	Baq nảo dủı sỉq pa bủe sıa cỉe hẽ da.	Water that is too pure is the home of no fish.			baq						
A0326	Hẻ cả hôegīo shãısīa na nêaqgūaq da.	Sunshine all the time makes a desert.			?						
A0327	Baq pỏq chỏasīa pa sỏq lî gỉ hûosī baq ja pỏq da.	A silent man is the best one to listen to.			❌						
A0328	Dûoı kóacāo hı rảı pa bủ bỏq lêaqbīe go máq jéaqcāo da.	No matter how long the winter, spring is sure to follow.			❌						
A0329	Kảqgāı baq gảmā rào sıa dảqmōa póhō bẻq da.	A camel never sees its own hump.			baq						
A0330	Chỏaqfā pũ sãqchīo jí Fárāqsēgūa da.	I visited France three times.			❌						
A0331	Gỉ séoqtūe rào níchāq da.	The weather is good today.			❌						
A0332	Cả mâ jỉa rủqshūa na jîa tảo jí hı rảı da.	Whether it will rain conditions what I'll do.			✔️						
A0333	Chẻo hẻo púqhō lî dủq chủq ja pỏq ja hảq da.	They differ in what food they habitually eat.			❌						
A0334	Shẻ jêq tảo jí da.	I would have done the same thing.			❌						
A0335	Bủ dủa jí hûaqchō hó baq kảfē rı baq chảı da.	I don't know whether he prefers coffee or tea.			❌						
A0336	Dủ pỉao lú dỉe súq hóa da.	Your suggestion seems complex.			✔️						
A0337	Pủ dủashō jí lû pỉao Fárāqsētōaq da.	I noticed that the French language is complex.			✔️						
A0338	Jảq pủı lú dẻq hó hóa da.	He can do a lot of things.			✔️						
A0339	Mả shảo súq pâı súq jí moq.	Do you want to be my friend?			✔️						
A0340	Chỏq jí sa pỉanō ru sa gỉtā da.	I use a piano and a guitar.			?						
A0341	Pỏaq lũı shía da.	The glass has broken.			✔️						
A0342	Cả pỏaq hı rảı shía moq.	What broke the glass?									
A0343	Mủqdōa súq cu jí sa shỉabīo sảhēq nảo ba.	 me a glass of water.			❌						
A0344	Dỉa lảqcāı súq ba!	Be less loud!			❌						
A0345	Mả tỉao ní jảkē pójī sủetā moq.	Does this jacket suit my sweater?			✔️						
A0346	Shảo gẻq jí sa lủ dẻ ru pảırūo ru kỉaı da.	I want to meet someone pretty, kind and caring.			❌						
A0347	Tỉshūe rı tỉshāı súq moq.	Are you staying or leaving?									
A0348	Bủ chỏ jí rîe jí baq pỏqmē da.	I don't like being in the middle of a crowd.									
A0349	Tủa pảq súq sa nỏqgī düao ra müaı na máq ba.	Add tasty things that are sweet and/or umami to (it).			❌						
A0350	Rảqmōı súq lû lủı tảo súq hı rảı ba.	Think about what you've done.			✔️						
A0351	Shỉqgāı súq ní shỉqgī rủa ba.	Smell this fragrant flower!			✔️						
A0352	Jỉa lẻo kủq jí máq nò mí Tỏaq da.	I'll try to say it in Toaq.			❌?						
A0353	Tủao, m… jủa da.	It's a little, um… weird.			✔️						
A0354	Bủ pủ mỉu jí jîa ní da.	I didn't think this would happen.									
A0355	Mả tảochō mỏı súq dêoqsōı moq.	Do you like to think about debating?									
A0356	Pósūq lỉqpāo pa lẻo tủa sỉ súq hó da.	Your mom is trying to get you to pay attention to her.			✔️						
A0357	Mả kảqgāı súq jí moq.	Do you see me?			✔️						
A0358	Dủe hı shỉ tỏa moq.	What word is correct?			✔️						
A0359	Shỉ lú mảı jẽo jí hóa da.	There is one thing I truly love.			?						
A0360	Déo pïa hóa jí bı gủ hó da.	The children who are my siblings are two in number.			✔️						
A0361	Gú pa chẻo lủı rủao da.	The two have forgiven each other.			✔️						
A0362	Sảq mí Dủagī Sỉmī da.	The Wise Monkeys are three.			❌	✔️					
A0363	Shảq sa sảq nủı shủao pójī bủajīo da.	There are three little birds in front of my house.			✔️						
A0364	Pảq go tu nỉaq sa jỏ cảo da.	Every year has four seasons.			❌						
A0365	Dẻq kảqgāı tu pỏq lû jỏ ní tủıfūa da.	Everyone can see that there are four chairs here.			✔️						
A0366	Hẻ pảq go baq mủq sa fẻ chẻı da.	A hand has five fingers.			baq						
A0367	Kảqgāı jí sa fẻ bảobāo da.	I see five dogs.			✔️						
A0368	Cỉ pỏq tì chíejīo da.	There are five people at school.			✔️	✔️					
A0369	Lủı nỏaq jí cu sa cỉ kủepāq da.	I have read six chapters.			?						
A0370	Kảı súq sa dỉaı gỉ kủqtōaı ba.	Write at least seven good sentences.			✔️						
A0371	Dỉaı póq süaı ru nïtī da.	There are seven people who are fast and are here.			✔️						
A0372	Mả kảqgāı súq róaı shủao moq?	Did you see the eight birds?			✔️						
A0373	Róaı chỉenīq pa lẻo chỏakōy da.	The 8 students try to voice chat.			✔️						
A0374	Sóa pa nẻı rı jỏ moq?	Are there nine or four helpers?			✔️						
A0375	Mủaqtūa náq sa nẻı sỏıchē päıgīq	The man killed nine enemy soldiers.			?						
A0376	Mí Gúhēı Tẻoq pa jảq gỉ!	Twenty Questions is awesome!			✔️						
A0377	Shẻo tủa rỉoshō jí go róaıhēı kủnē da.	I regret boiling the 80 dogs.			❌						
A0378	Rủırēo séoq da.	The sky is gray.			✔️						
A0379	Sárālīa pa sảo nảogūaq da.	Australia is a big island.			?						
A0380	Chỉ hó gêaq baq sủhū da.	They believe that pigs are dirty.			baq						
A0381	Mả sủq ní moq.	Is this you?									
A0382	Sa sủao pa lủ bủ dủa súq hóa da.	There is something important that you don't know.			✔️						
A0383	Sỉachōa ba.	Silence!			?						
A0384	Sẻa jĩa hó bìe gûaı hó da.	He will relax after he works.			✔️						
A0385	Sẻa súq nãı ba.	Rest now.			✔️						
A0386	Rào tu jỏa bı shỉchīo fả jí kúejīo da.	Every week I go to the library once.			?						
A0387	Shỉchīo rào tu chảq tâo jí hóq da.	Once every day I do it.			?						
A0388	Pủ gủchīo sỉqtūa jí máq da.	I cleaned it twice.			✔️						
A0389	Tu gủ pỏq pa hẻ gủchīo chẻo gẻq da.	You always meet twice.			❌						
A0390	Hẻ chỏ hó baq chảı da.	He likes tea.			baq	✔️					
A0391	Dỉe jí lûaq súqjī lúaqgō ka.	I hereby suggest we play Go.			✔️						
A0392	Hủaq sủaı súq jí da.	You're faster than I am.			?						
A0393	Kỏ shỉ hó póq lî chủı tỉshā da.	He was the first person to arrive.			✔️						
A0394	Pủa gẻq jí súq da.	Pleased to meet you.			✔️						
A0395	Dảqjāq bủ gẻq da.	Long time no see!			✔️						
A0396	Rào jíachāq bı dủaı jí lî tỉshāı chũı da.	Tomorrow I have to leave early.			❌						
A0397	Rào jíachāq bı dủaı chủı tỉshāı jí da.	Tomorrow I have to leave early.			❌						
A0398	Bủ tảoshāo dảqfāı fả jí da.	I don't intend to go often.			✔️	✔️					
A0399	Tảoshāo bủ dảqfāı fả jí da.	I intend not to go often.			✔️	✔️					
A0400	Tảoshāo dảqfāı bủ fả jí da.	I intend to often not go.			✔️	✔️					
A0401	Bủ dảqfāı tảoshāo fả jí da.	I don't often intend to go.			✔️	✔️					
A0402	Dảqfāı bủ tảoshāo fả jí da.	Often I don't intend to go.			✔️	✔️					
A0403	Dảqfāı tảoshāo bủ fả jí da.	Often I intend not to go.			✔️	✔️					
A0404	Mủaomē rèı búajīo da.	The house is surrounded by forest.			?						
A0405	Rẻı sa mủaomē búajīo da.	The house is surrounded by forest.			✔️						
A0406	Tỉaqrēo pójī kỉaq da.	My hair is brown.			✔️						
A0407	Ní bỉo pa, pỏjī rı pỏsūq moq.	This cup, is it mine or yours?			✔️						
A0408	Sủe góıchē jí lî bủ pỉe ja dỏ bírā da.	The doctor asked me not to drink beer.			?						
A0409	Jảq bủ chỉ jí da.	I don't believe it at all.			✔️						
A0410	Lú bủa hóa Júqgūo pa, hủaqpūı gígā da.	The inhabitants of China are more than a billion.			❌						
A0411	Mỉu mýı tûq dỏetīao súq zâı mýı pó ja da.	We consider you our only hope.			✔️						
A0412	Shè nôaq súq ní bı mỏınīeq súq da.	If you're reading this, then you're dumb.			✔️						
A0413	Shỉ mí Jỏe roı hó da.	Joe and he are one and the same.			✔️						
A0414	Mả tỏaqdēq súq mí Tỏaq moq.	Do you speak Toaq?			✔️						
A0415	Lî chảocāq ja rảı sa gủsīoq pa jảq fủı da.	Riding a bicycle is very easy.			✔️						
A0416	Nỏa lî nỏaq ja cu ní kủe da.	It's difficult to read this book.			✔️						
A0417	Nỏa lî sỉ hó ja rảı na jí da.	It's difficult for me to have his attention.			✔️						
A0418	Nỏa mủıdūa lú kủq hó hóa da.	It's difficult to understand what he says.			✔️						
A0419	Mả fủı go súq lî nỏaq baq Jủqgūo lảı moq.	Is it easy to you to read Chinese characters?			baq						
A0420	Ha ha, mả jẻo hóq moq?	Ha ha, is that true?			✔️						
A0421	Bủ dủa jí. Keo rủaq hó ku hóq jí ★ da.	I don't know. But this is what he told me.  [ruaq3?]			?						
A0422	Bủ cảıdūa jí hóq. Je, dảı bỉa hó da.	I'm not certain. Maybe he's ill.									
A0423	Tảochō jí to ru lî nỏaq to lî lủaıkūq da.	I like to do both reading and telling jokes.									
A0424	Jỉa hảqsūe jí to ra gálōnūeq to bákānūeq.	I will order either chicken or beef, or both.			❌						
A0425	Hảqbāı jí to ru sa tủzȳ rào níchāq to sa pỉcā rào jỉachāq nha.	I'll cook soup today, and pizza tomorrow.									
A0426	Dủq pỉe súq to rı cháı to káfē moq?	Do you (habitually) drink tea or coffee?			❌						
A0427	Sa dỏ bı chủfāq chủq jí dó da.	I'm eating something right now.			✔️						
A0428	Tu rảı tï hóa níjāo bı bủ kảqsī súq ráı ba.	About everything that's over there: don't look at it. 			✔️						
A0429	Pủ kỏe mí Chảq ní ta lî tủa lủe ja pỏq ja jỉq da.	Chang picked that one for being yellow. 		✔️	❌						
A0430	Shảo jí lû sıa rảı pa kảqgāı jí.	I want nothing to see me.			✔️						
A0431	Mỉu mí Sảrā bûaq súq lî ja dỏ bı tủa dủa dó hó.	Sarah thought you failed at alerting her.			❌						
A0432	Chủo ní hı rảı moq.	What is this for?			✔️						
A0433	Hẻ chỏq há ní chà hı rảı moq.	How to use this?			❌						
A0434	Mỉu dảı jí hóq da.	I think it is possible.			✔️						
A0435	Mỉu jí dâı hóq da.	I think it is possible.			✔️						
A0436	Mỉu púqhō bû dảı hóq da.	They think it's not possible.									
A0437	Mả mỉujēq súq jí moq.	Do you agree with me?			✔️						
A0438	Lẻ jỉa bủ jảı hó da.	He probably won't be happy.			✔️						
A0439	Dủ bủ lẻ hóq da.	That seems improbable.			✔️						
A0440	Lẻ jỉa bủ fả hó da.	She probably won't go.									
A0441	Mả rảq máq jí moq.	Is it related to me?			✔️						
A0442	Mả dẻq kảqgāı súq pó jí ga bủajīo moq?	Can you see my house?			?						
A0443	Mỏı dãqfāı súq. Je gỉ hóq.	You think a lot. That's good.			✔️						
A0444	Gủaı jãq baq mỏrī da. Jảq dảqfāı mão hâo da.	Ants work very hard. Very frequently as well.			baq						
A0445	Tỏechūo máq da. Ru lỏı jí baq hảo.	It's a knife. And I hate those.			baq						
A0446	Pủ gảı níaı tî jí da.	The animal perceived my presence.			✔️						
A0447	Bủ jảq dảqfāı mủ chỏq ní tỏa da.	This word isn't very frequently used.			✔️						
A0448	Nủo hó dùoı sa chảq fẻ bũ cà jâq jảq nủokūaı hó.	He hasn't slept for five days, causing (him) to be very very tired.		✔️	❌						
A0449	Shè tâı súq bı hỉoq jí da.	If you win, I'll be proud.			✔️						
A0450	Shẽ rủqshūa bı, bủ fả jí da.	If it rains, I won't go.			❌						
A0451	Jỉa nủo súq tì hı rảı moq.	Where will you sleep?			?						
A0452	Bủ chỏ jí pósūq sẻ tủa nỏ kıo bủ dủe kı.	I don't like your translation ((it) isn't correct)			❌						
A0453	Mả dẻq hảo súq kıo lîaı ȷa kı moq?	Can you do it(swim)?			✔️						
A0454	Rào púchāq, ju bủ gỉ hóq, bı chủq jí sa pủı da.	Yesterday, which incidentially wasn't good, I ate alot.									
A0455	Gảq hó jí chê chỉe tì Másāchūsēcī rào kónīaq… gủbīqsāq, ju rủemōaq jí da.	She and I studied together in Massachusetts in… 2003, I think it was.									
A0456	Súq pa to ru pủ bỏnūe, ju chỉaı na, to beı hỉoqkūq, ju shủaınū dủahūı da!	You not only took it, which is wrong, you also *bragged* about it, which is plain foolish!			❌						
A0457	Tủa tỉrīu súq máq lú tỉnīqdūa súq hóa na sũejī ka.	Return it to where you found it, please.			❌						
A0458	La chỉo bı chẻ chảocāq jí.	I repeat: I am a chauffeur.			?						
A0459	Lỏı jí baq nỉ, la củakūq da.	I hate these things, *in response*.			?						
A0460	Kỏychēo súq roı jí ba.	Let's talk.			✔️						
A0461	Mí chảq roı póhō pỉa pa chẻo lủaqgāq.	Chang and his sibling play with each other.			✔️						
A0462	Mảı púqjī súq hu mí Hỏemāı da!	We love you Solpahi!			✔️						
A0463	Bủıfā súq hu sháohūı ba!	Leave, wicked ones!			✔️						
A0464	Mả của líqhō cu shô fẻı ȷa moq?	Did she respond by getting angry?			✔️						
A0465	Mủqdōa súq cu jí gu fóq ba.	Hand me the phone.									
A0466	Dẻq tẻq jí sa pủı nủaı ta mûaqtūa go hó da.	I can pay a lot of money for killing him.			?						
A0467	Tảkū jí lî chủq ra nủo.	I plan on eating or sleeping, or both.			✔️						
A0468	Shảo hó fâ hó jéarīaq rào níchāq ro rào jíachāq.	He wants to go to the market either today or tomorrow.			❌						
A0469	Jỉa chảocāq súq gúsīoq ro ríochāo	You will ride the bike or (pilot) the airplane.									
A0470	Mả tủe dẻoqsōı pó lâqcāı súq roı pósūq pỉa moq?	Was you and and your sibling being loud an argument?			tue						
A0471	Tủe jảı tu lủ tủe hóa chûq jí da.	My eating is always an event of being happy.			tue						
A0472	Bủ kỏ shỉ jí méo.	I am not among the first of those who are sad.			❌						
A0473	Tu lủ sỉ hóa hoı kỉq pa chỏ máq da.	All those who watched the aforementioned movie liked it.			✔️						
A0474	Tu sï hóa hoı kỉq pa chỏ máq da.	All those who watched the aforementioned movie liked it.			✔️						
A0475	Tảq shảo dẻdūo jí da. Mả lủsū súq moq?	I want to dance. Do you?									
A0476	Mả fỉeq go ní ku súq moq.	Is it you who created this?			✔️						
A0477	Chủq hó ku shámū da	It's an apple that he ate.									
A0478	Kảqgāı jí ku sa shủao	A bird, is what I saw.									
A0479	Beı bũ jỉa nỉqgūo kủq jí cu súq da!	I will *not* tell you again!									
A0480	Mả mỉu súq jêı hó mí Chảq moq?	Do you think he is Chang?									
A0481	Bủ jêı hó jí da.	I am not him.									
A0482	Bủ hỏ jí da.	I am not him.									
A0483	Nỏ ní kủqtōaı mí tỏaq da.	This sentence is in Toaq.									
A0484	Chỏakūq súq sa rảı nò híqlītōaq ba.	Say something in english.									
A0485	Tủao sủaı hó.	He isn't very fast.									
A0486	Kỏe súq sa tỉao ba.	Pick something appropriate.									
A0487	Kỏe súq sa shỉ tíaı lî hỉe ba.	Choose one of the boxes for you to carry.									
A0488	Mủı hı rảı shú ‹ sủetā › moq.	What does "sueta" mean?									
A0489	Mủı go hóı tỏa sa gủ da.	That word has two meanings.									
A0490	Nỉqdāo hı rảı moq.	What's news?									
A0491	Nîqdāo sıa rảı pa gỉ nỉqdāo da.	No news is good news.									
A0492	Shú kẻq bı mả kủqbūaq súq shú tẻq moq?	About "keq": did you mean to say "teq"?				✔️					
A0493	Jẽojēo kủqbūaq jí shú tẻq da.	Indeed, I meant "teq."				✔️					
A0494	Tẻqgūaı súq hı rảı moq.	What is your job?				✔️					
A0495	Tẻqgūaı jí kîaı ja baq gẻopōq da.	I care for the old (for a living).				✔️					
A0496	Jảq fỏıcā pó pósūq tẻoq.	Your questions are very boring.				✔️					
A0497	Mả tẻoq ní moq?	Was that a question?									
A0498	Dảqfāı mỏı súq cúaq dẻ ba.	Think often about beauty.		✔️		✔️					
A0499	Củaq rẻq hı rảı moq?	What is it to be human?									
A0500	Tủoq ní shỉ cẻa da.	This bag is heavy.				✔️					
A0501	Tủoq ní pủq cẻa da.	These bags are heavy.				✔️					
A0502	Kảqgāı ba, nỉjāotī pójī pảı da.	Look, here is my friend.									
A0503	Jí ru pójī nảqpīa pa jỏe lủaq shảhā da.	My brother and I are skilled at playing chess.									
A0504	Pójī lỉqpīa pa gỏıchē da.	My sister is a doctor.									
A0505	Chẻ chảocāq jí baq tảsī da	I'm a taxi driver.									
A0506	Tỉ póhō fủ chíejīo da.	His son is at school.									
A0507	Tỉ hó núofūa kùı bîa hó da.	He's in bed because he's sick.									
A0508	Bủ chủqkūaı jí, keo pỉekūaı jí da.	I'm not hungry, but I am thirsty.									
A0509	Jảq gẻo nảqrēq hó da.	He is a very old man.									
A0510	Jảq gẻo lỉqrēq hó da.	She is a very old woman.									
A0511	Bủ dẻ ní pủq tủıfūa keo tủa fỏaq máq da.	These chairs aren't pretty but they are comfortable.									
A0512	Séoqtūe pa cả lỏq rào níchāq da.	The weather is making it hot today.									
A0513	Dủı rẻoq tîshō súq da.	You showed up too late.									
A0514	Pójī chủa pa shủ ‹ Hảnā › da.	About my name: it's "Hana".									
A0515	Tỉo gẻo súq moq.	How old are you?									
A0516	Chẻ súq hı rảı moq.	What is your job?									
A0517	Chẻ chỉetūa jí da.	I'm a teacher.									
A0518	Sỏqchō súq hı rảı réokāq moq.	What's your favorite color?									
A0519	Sỏqchō jí mío réokāq da.	My favorite color is blue.									
A0520	Kỏa pójī mủq da.	My hands are cold.									
A0521	Bủ tỉ máq Húsōnā gủa da.	It is not in the United States.									
A0522	Jỏe lỉaı hó da.	He swims well.									
A0523	Jẻı hı rảı pósūq chủa moq.	What's your name?									
A0524	Shủ ‹ Mẻrī › pójī chủa da.	My name is Mary.				✔️					
A0525	Pủ jỉu jí tì Kánādāgūa da.	I was born in Canada.									
A0526	Mả gỉlīe pósūq pủq pảo moq.	Are your parents doing fine?									
A0527	Bủ jảq gỉ ní chỏaqjīo da.	This hotel isn't very good.									
A0528	Kùı hı rảı bı nủ chỏaıjāq máq moq?	Why is it that expensive?									
A0529	Tỉ pósūq pảı hı rảı moq.	Where are your parents?									
A0530	Tỉ hó náokūa da.	He is in the bathroom.									
A0531	Mả Jủqgūo pósūq pảı moq.	Is your friend Chinese?									
A0532	Jẻo Jủqgūo hó da.	He is indeed chinese.									
A0533	Nỉe kámērā pójī cẻa da.	The camera is in my bag.									
A0534	Mả kủorēo pósūq gủsīoq moq.	Is your bike black?									
A0535	Mí Lỉsā pa hủsōnā da.	Lisa is American.									
A0536	Mỉ Hỉkārū jí da.	I'm Hikaru.									
A0537	Bủ chủfāq kảqsī jí tíbī da.	I am not looking at tv right now.									
A0538	Gỉ sẻoqtūe nãı da.	The weather is nice now.									
A0539	Bủ rủqshūa da.	It didn't rain.									
A0540	Lủaq chũfāq déo tì tíeq da.	The children are playing on the path right now.									
A0541	Chủfāq lảo hó tîshō púıchāo da.	He is waiting for the bus to arrive.									
A0542	Chủq hó sa shỉ shảmū da.	He eats an apple.									
A0543	Lảo jí tî sa pỏq da.	I'm waiting for some people to be here.									
A0544	Sa pỏq pa lủ lảo jí tî hóa da.	About some people: I await  their presence.									
A0545	Lủ mảı jí hóa ceı súq da.	You are such that I like you.									
A0546	Tủı bũ súq tóqfūa ba.	Don't sit on the table.				✔️					
A0547	To ru beı sỉaq to bủ lỉo da.	This is the RIGHT direction, not the left one.				✔️					
A0548	Mả dỉ tủa rỉa jí chúao moq.	Am I allowed to open the window?				✔️					
A0549	Mả dẻq tủa rỉa jí chúao moq.	Am I able to open the window?				✔️					
A0550											
A0551											
A0552											
A0553											
A0554											
A0555											
A0556											
A0557	Pủ tủa jẻaq dỏq hó póhō jỏqkīaq da.	He cut his hair.									
A0558	Pủ dủasūe mảnē mảo tảoshāo fả jí hó da.	I asked him whether he intended to go as well.									
A0559	Pủ dủasūe jí hó mâ mảo tảoshāo fả hó da.	I asked him whether he intended to go as well.									
A0560	Mả dủe pójī kủqtōaı moq?	Are my sentences correct?									
A0561	Chẻo púqhō lî ja dỏ bı dủa ja rảı chûfāq rủaqhūı dó da.	They know that each other is lying.									
A0562	Fỉeq sa pủı tỏaqpōq sa tỏa.	Many Toaqians create words.									
A0563	Shẻo jí lî pủ rủo ja rảı hı rảı da.	I'm sorry for my behavior.									
A0564	Shảı mẻo súq ba.	Stop being sad.									
A0565	Kảqsī jí sa kỉq rào nídāq.	I'm watching a movie now.									
A0566	Bủ tẻoqkūq kùı hı rảı moq?	Why don't you ask?									
A0567	Pủ tẻoqkūq jí cu hó mó «mả tỉaq baq mủao moq?» teo da.	I asked him "Are trees brown?"									
A0568	Lủı bẻo mỉu jí da.	I've changed my mind.				✔️					
A0569	Pủ bẻo súq kîaqrēo.	You turned red.				❌					
A0570	Mủa kủqtōaı mó Pủ bẻo súq kîaqrēo teo da.	"You changed my mind" is an examplr sentence.				❌					
A0571	Kảı súq sa mủa la sủe ba.	Write an example please.				❗					
A0572	Pủ jủoq rủaq ★ súq jéo hó da.	You should have told him the truth. [ruaq3?]				❗					
A0573	Jủoq bủ mẻo jí kèorū jêojēo mẻo.	I shouldn't be sad but I indeed am.				✔️					
A0574	Tảodūa gủsīoqfā súq, mã jẻo moq.	You know how to bike, isn't it?				✔️					
A0575	Púqhō pa chẻo bủ bỉaq dẻoq da.	They don't communicate enough.				✔️					
A0576	Lẻo chẻo dẻoq tu pỏq ba.	All people should try to communicate.				❌					
A0577	Tỉo sảo máq moq.	How big is it?				✔️					
A0578	Bủ dủa jí tîo sảo máq da.	I don't know how big it is.									
A0579	Co rảı pa mu rảqdūa súq moq?	How much do you know?									
A0580	Dủa jẽo jí dûa súq co rảı da.	I do know how much you know.									
A0581	Hỉaı súq kùı hı rảı moq.	Why are you laughing?									
A0582	Pủ kủq hó mó « Gẻqkūaı jí pójī lỉqpāo da » teo da.	He said «I miss my mom»									
A0583	Chỏa súq dĩa lảqcāı ba.	Talk less loudly.				✔️					
A0584	Chỏa súq jẽaq mẻoq ba.	Talk more slowly.				✔️					
A0585	Chủfāq mỉeq jí nê bủaı ja rảı tóqfūa da.	I'm measuring the length of the table.		✔️							
A0586	Chủfāq mỉeq nẻ bủaı jí tóqfūa da.	I'm measuring the length of the table.		✔️							
A0587	Rỏq súq kùı hı moq.	Why are you crying?		✔️							
A0588	Hè tôe há baq kẻpā bı rỏq da.	Cutting onions causes weeping.		✔️							
A0589	Rào mûaqshō hó bı, hảı lủı tảo jủq củe púq lủaıchē da.	By the time of his death, the clowns had already taken power.		✔️							
A0590	Mả bỉaq dảqjāq nủo súq moq.	Have you slept long enough?		✔️							
A0591	Sỉu mủ nỏqsē baq sẻpē baq gỏsō da.	The taste of snake is similar to that of chicken.		✔️	!	!					
A0592	Nîqdāo sıa rảı pa gỉ nỉqdāo da.	No news is good news.		✔️		✔️					
A0593	Chỉa jí lî sỏa súq da.	I need your help.		✔️							
A0594	Shỏe sỏa súq jí súq ba.	Let me help you.		✔️							
A0595	Shỏe súq sôa jí súq ba.	Let me help you.		✔️							
A0596	Shỏ déo sûaıkōı shỏı jẻaq tỉjāo da.	The child ran away screaming.		✔️							
A0597	Tủa sỉq súq múq ba.	Clean (your) hands.		✔️							
A0598	Kỉejīshē hẻaqdōa súq kéaqsāı jí ba.	Please, hand me the salt.		✔️							
A0599	Tảq rủaq fủ ní lỉqdēo súq da.	This girl said she was your daughter.		✔️							
A0600	Gỉ ní nỉaq ba!	Happy new year!		✔️							
A0601	Gỉ jíuchāq ba!	Happy birthday!		✔️							
A0602											
A0603											
A0604											
A0605	Mả shỏe dẻoq súq jí súq moq.	Do you allow me to talk to you?									
A0606	Tỉjāı jí súq da.	I'm happy you are here.									
A0607	Pủ chủı tủa dủa súq jí ba!	You should have told me sooner!									
A0608	Bủ hỉaorīeq jí ba.	I mustn't run away.									
A0609	Kủaq shẻo tủa gỉq fỏaq jí súq ka.	Sorry for making you uncomfortable.									
A0610	Sỏq hủı hı rảı lú tảo hó hóa moq?	What's the worst thing he has done?									
A0611	Mả sỏq hủı ku lî shỏı kủq ja dỏ cu sa dẻo moq?	Was yelling at a child the worst thing?									
A0612	Chỉaı da; pủ tảo hó hóq, keo bủ sỏq hủı da.	Wrong; he did that, but it wasn't the worst thing.									
A0613	Mả sỏq hủı ku lî mủaqtūa ja pỏq sa hẻo moq?	Was killing somebody (else) the worst thing?									
A0614	Sỏq hủı jẽo hóq, ão!  Keo bủ tảo hó da.  Chỉaı!	That would truly be the worst!  But, he never did it.  Wrong!									
A0615	Mả sỏq hủı ku lî hủıbōnūa ja pỏq moq?	Was stealing the worst thing?									
A0616	Dủe hóq da!	That's right!									
A0617	Pảq co shỉaq baq kủnē, shè rûaq shỉaq jí húoı moq?	How many legs does a dog have, if I say that the tail is a leg?									
A0618	Pảq go hó sa jỏ shỉaq da.	It has four legs.									
A0619	Chỉaı pó súq da.  Jẻo jô shíaq, keo dủe fê shíaq na shẽ hảo da.	You(r answer) is wrong.  It's true that there are four legs, but in this case it's correct to say there are five.									
A0620	Je, dủe jìe jí ku jô da.	Well, I think four is correct.									
A0621	Baq bỉrā pa, m, lủ… hẻ cả pîe há sa dủımē hỏa na rûo dủahūı há da.	Now, beer is, um… stuff that, when people drink too much of it, they act foolish.									
A0622	Káqdēqbū roı Hoáqbēaq, la chủa da.	The Blind Person and the Candle (this sentence is its name.)									
A0623	Bủ tảq shảo fảgāq hó, la củakūqsē da.	She doesn't want to tag along (this sentence is (her) reply.)									
A0624	Je, bủ fỏqcūa hó, tıu lẻ rảrā mủaq hó, la bủoq da.	Well, he won't answer the phone, so he's probably dead or something (this sentence is non-serious.)									
A0625	La hỉaodāırūaqsē na: dảı hẻq go tóaı hěa kásī da.	Warning: may contain trace amounts of nuts.									
A0626	Jủoq jẻaqdōa jí ku co nỏaı moq?	How much milk is it that I should add?									
A0627	Jỉchō láq pỏ shûashōe go cháı lỏq cu bío da.	I like the sound of hot tea being poured into a cup.									
A0628		The dog is 300 meters away.									
A0629	Pủıtūao ríaq lủ bủ lỉe lủı tỉ jí hóa da.	There are few places I haven't gone.									
A0630	Hẻ tẻqgūaı hó rào baq mỉochāq da.	He works on Sundays.									
A0631	Chỉa súqjī lî shỏ bỏ ja rảı sa nủaı da.	We need money.									
A0632		Really, you? (in response to a statement)									
A0633	Gủosīa tẻoqmōı súq tu pỏjī ba.	Never doubt me.		✔️							
A0634	Gủosā dủaı dủqhūaq cảıtāo gủaı há da.	Sometimes you have to work harder than normal.									
A0635	Dẻ tu pỏq da.	All people are beautiful.									
A0636	Shảı ba hu búoq!	Oh, stop it, you clown!									
A0637	Hu tu sủq, nỉqdāo hı pỏ súq moq.	To each of you, what's new about you?									
A0638	Nỉqdāo hı pỏ tu sủq moq.	What is new and is about each of you?									
A0639	Pủ hîefā hó céa jòı lûsū hó chĩo sa gủ tảmēa mảq da.	He brought the bags two at a time.									
A0640	Tỉeqbīao jí da.	I'm lost.									
A0641	Kảqsī mí Ảkārī sa pỏ áq ga nủoqfūaq.	Akari looks at her own reflection.									
A0642	Sỉ ba, je pảq sa sỉu pỏ baq hảkō ga hủohūa ní bỉo da!	Look, this mug has bear ears!									
A0643	Gủosīa têoqmōı súq sa pỏjī ba.	Never doubt me.		✔️							
A0644											
A0645											
A0646											
A0647											
A0648											
A0649											
A0650											
A0651											
A0652											
A0653											
A0654											
A0655											
A0656											
A0657											
A0658											
A0659											
A0660											
A0661											
A0662											
A0663											
A0664											
A0665											
A0666											
A0667											
A0668											
A0669											
A0670											
A0671											
A0672											
A0673											
A0674											
A0675											
A0676											
A0677											
A0678											
A0679											
A0680											
A0681											
A0682											
A0683											
A0684											
A0685											
A0686											
A0687											
A0688											
A0689											
A0690											
A0691											
A0692											
A0693											
A0694											
A0695											
A0696											
A0697											
A0698											
A0699											
A0700	Fả jí rào tu lỏachāq kúejīo da.	I go to the library every Sunday.									
A0701	Lỉechō jí lî kảqsī ja rảı baq fủaq da.	I like looking at pictures									
A0702	Nẻo sa pủı chảo ní chảotīeq da.	There are many cars on this road.									
A0703	Sủejī fâ súq pójī bủe ka.	Please come to my home.									
A0704	Mả pỏsūq ní cẻa moq.	Is this bag yours?									
A0705	Jảq lủaı hóı lủa da.	That's a very funny story.									
A0706	Pỉe jí rào tu dỉosīao sa kảfē da.	I drink some coffee every morning.									
A0707	Bủıfā jí búe rào ní dỉosīao chũı da.	I left home early this morning.									
A0708	Sủejī chôq súq ní kỏqpīutā ka.	Please use this computer.									
A0709	Pủ jẻa jí sa rỏaı kủe da.	I bought eight books.									
A0710	Mả jẻıdūa súq ní lỉqdēo moq.	Do you know who this girl is?									
A0711	Nỉq póhō chảo da.	His car is new.									
A0712	Pủ shỏ hó lî gỏıchē da.	He became a doctor.									
A0713	Mả dảqshēı súq bìe ní moq.	Do you have time after this?									
A0714	Sỏq sảo ní jío pǒ ní dỏaq da.	This is the biggest building in the city.									
A0715	Sủejī tủa kảqgāı jí sa hẻo kủe ka.	Please show me a different book.									
A0716	Pủ tủa tỉ súq hóı kủe moq.	Where did you put that book?									
A0717	Bủe hó tìjūı gúaırīaq da.	She lives near the office.									
A0718	Dẻ ní fủaq da.	This picture is beautiful.									
A0719	Rào nínūaq bı jảq dẻ núaqgīo da.	The stars are very beautiful tonight.									
A0720	Dủq jí chûıchūq ja dỏ sa dỏaı da.	I always eat bread for breakfast.									
A0721	Bủaı póhō shỉaq da.	She has long legs.									
A0722	Mả mỏaı pójī shỉaq moq.	Are my legs thick?									
A0723	Tủa súq shô shỉe jí rào hórāchīu cỉ ba.	Wake me up at six o'clock.									
A0724	Shỏe súq kâqgāı jí ní pủq fủaq ba.	Let me see those pictures.									
A0725	Tỉ pójī lỉqfū Húsōnāgūaq da.	My daughter is in the United States.									
A0726	Gẻı pójī lỉqfū sa củırēo da.	My daughter is wearing something magenta.									
A0727	Shảo jí lû rào níchāq bı pủa gảqsīa jí da.	Today I want to enjoy some time to myself.									
A0728	Pủa mỉetāo súq tì Níhōqgūaq ba.	Enjoy your life in Japan.									
A0729	Chỏ jí réo pǒ pósūq sủetā da.	I like the color of your sweater.									
A0730	Chỏ súq hı rẻo moq.	Which color do you like?									
A0731	Chủfāq chỉetāo hó da.	He is studying now.									
A0732	Chỉetāo jí Níhōqtōaq da.	I study Japanese.									
A0733	Jảqtūao dỏq ní sủetā da.	This sweater is a little short.									
A0734	Dỏq póhō shỉaq da.	His legs are short.									
A0735	Lủı shûa sa rảı cháotīeq da.	Something has fallen on the road.									
A0736	Jủaq hê shủa baq sỉmō cu baq mủao da.	Even monkeys fall from trees.									
A0737	Nảqfū sa dỉaı jí da.	I have seven sons.									
A0738	Mả bủ nảqfū sa rảı súq moq.	Do you not have any sons?									
A0739	Tỉ sa bảorēo kảtō sóaq da.	There is a white cat in the garden.									
A0740	Tủı sa bảorēo tẻıgē múao da.	There is a white owl sitting on the tree.									
A0741	Pủ sỏa hó sa bỉa kủnē da.	She helped a sick dog.									
A0742	Chẻo nẻjēq gẻo jí roı pójī pảı da.	Me and my friend are the same age as each other.									
A0743	Jảq lỉu ní pủefūq da.	These shoes are very light.									
A0744	Lỉu pósūq cẻa da.	Your bag is light.									
A0745	Pỉe súq hı rảı moq?	What (thing) are you drinking?	✔️								
A0746	Hı rỉaq bı shảo súq fâ súq ríaq moq?	Which place [is such that] you want to go to the place?	✔️								
A0747	Mỏaq jí tî kúnē hı kủa da.	I remember in which room the dog is.	✔️								
A0748	Mả nủo súq moq?	Are you asleep?	✔️								
A0749	Dủa mámā mâ jảı bé da.	The mother knows whether the baby is happy.	✔️								
A0750	Mả mỏaq súq tî kátō hı kủa moq?	Do you remember in which room the cat is?	✔️								
A0751	Tỉo sảo gúa moq?	How big is the country?	✔️								
A0752	Dủa bũ súq tîo dẻ súq da.	You don’t know how beautiful you are.	✔️								
A0753	Mả mỏaq sa tỉ tîo nỏqgī baq mảtū moq?	Does anyone here remember how delicious honey is?	✔️								
A0754	Tỉopūı élū moq?	How many are the elephants?	✔️								
A0755	Dủa bũ súq tîopūı mýı da.	You don’t know how many we are.	✔️								
A0756	Hỉa ní moq?	What’s this?	✔️								
A0757	Dủashāo hó hîa ní da.	They want to know what this is.	✔️								
A0758	Nảı chûq jí da.	(Now) I eat.	✔️								
A0759	Pủ kâqgāı hó sa jủa da.	They saw something strange.	✔️								
A0760	Jỉa fâ jí méı da.	I will go to the mountain.	✔️								
A0761	Tỉa súq jío da.	You are behind the building.	✔️								
A0762	Dủa jí tîa súq jío da.	I know that you are behind the building.	✔️								
A0763	Sa rảı bı dủa jí chô súq ráı da	There is something I know you like.	✔️								
A0764	Dủa jí chô súq sa rảı da.	I know that there is something you like.	✔️								
A0765	Hı rảı bı dủa súq chô jí ráı moq?	Which thing (X) [is such that] you know that I like the thing (X)?	✔️								
A0766	Mả dủa súq chô jí hı rảı moq?	Do you know what I like?	✔️								
A0767	Mỉ Sảrā hó da.	Their name is Sara.	✔️								
A0768	Tỉ mí Tỏmī hı rảı moq?	Where is Tommy?	✔️								
A0769	Dủa jí mî Sảrā súq da.	I know that your name is Sara.	✔️								
A0770	Chỏ tu mỉ Jủlīa baq rủa da.	Every Julia likes flowers.	✔️								
A0771	Dẻ shú rỉaq da.	The word ‘rỉaq’ (place) is beautiful.	✔️								
A0772											
A0773	Mả pủ kûq jí shú rủa moq?	Did you say the word ‘rủa’ (flower)?	✔️								
A0774	Pủ kûq jí mó« Chỏ jí súq da »teo da.	I said ‘I like you’.	✔️								
A0775	Kủq há mó« Kủaq kỉe ka »teo ba.	One should say ‘Thank you’.	✔️								
A0776	Chủq múy ba.	Let us eat.	✔️								
A0777	Nủo déo ba.	May the children sleep.	✔️								
A0778	Mả kảqgāı súq kúnē moq?	Do you see the dog?	✔️								
A0779	Gỉ hı shảmū moq.	Which apples are good?	✔️								
A0780	Nủı shámū da.	The apple is small.	✔️								
A0781	Kủnē ní da.	This is a dog.	✔️								
A0782	Chỏ mýı súq da.	We like you.	✔️								
A0783	Jỉ ní da.	This is me.	✔️								
A0784	Sủq núo da.	The one who sleeps is you.	✔️								
A0785											
A0786											
A0787											
A0788											
A0789											
A0790											
A0791											
A0792											
A0793											
A0794											
A0795											
A0796											
A0797											
A0798											
A0799											
A0800	Fảı jảı jí da.	I'm typical in being happy.									
A0801	Fảı tủoq ní pỉohēa da.	This stone is typically heavy.									
A0802	Fảı mỉa pảı hó da.	She is typical in being popular.									
A0803	Fảı hỉaq bỏ póq da.	The person is typical in being poor.									
A0804	Fảı lỉu líqdēo da.	The girl is typically light.									
A0805	Fảı lỉu náqdēo da.	The boy is typically light.									
A0806	Fảı chỏaıjāq ní da.	This is typically expensive.									
A0807	Fảı mẻocā níjāo da.	That's typical in being sad.									
A0808	Fảı tỉjāo jáo da.	That far thing is typical in being far away.									
A0809	Fảı mỏınīeq súq da.	You're typically stupid.									
A0810	Lẻı jảı jí da.	I'm rare in being happy.									
A0811	Lẻı tủoq ní pỉohēa da.	This stone is rare in being heavy.									
A0812	Lẻı mỉa pảı hó da.	She is rare in being popular.									
A0813	Lẻı hỉaq bỏ póq da.	The person is rare in being poor.									
A0814	Lẻı lỉu líqdēo da.	The girl is uncommonly light.									
A0815	Lẻı lỉu náqdēo da.	The boy is uncommonly light.									
A0816	Lẻı chỏaıjāq ní da.	This is uncommonly expensive.									
A0817	Lẻı mẻocā níjāo da.	That's rare in being sad.									
A0818	Lẻı tỉjāo jáo da.	That far thing is rare in being far away.									
A0819	Lẻı mỏınīeq súq da.	You're uncommonly stupid.									
A0820	Gảq jí súq fâ ja pỏq búe da.	I go with you to the home.									
A0821	Gảq súq jí fâ ja pỏq búe da.	You come with me to the home.									
A0822	Gảq chẻo chỏadēoq jí púqhō da.	I'm chatting with them.									
A0823	Gảq chẻo chỏadēoq súq jí roı púqhō ba.	You should come chat with us.									
A0824	Mả jỉa gảq súq moq.	Will you join?									
A0825	Keo, hảı sỉshāı pú gảq chỏadēoq da.	But, the one who was chatting along already left.									
A0826	Keo sỉshāı pú gảq chỏadēoq hãı da.	But the one who was chatting along already left.									
A0827	Keo gảq jí hó!	But I'm with him!									
A0828	Bủ dảı gâq fả jí da.	It won't be possible for me to go with.									
A0829	Keo fả hó mu bõqbū da.	But they'll go anyway.									
A0830	Mỉa dủa hó da.	She knows a lot.									
A0831	Mỉa bủo hó da.	He's ready for anything.									
A0832	Mỉa mỏe nãı jí da.	I'm feeling a lot of emotions right now.									
A0833	Jảq mỉa jí lî tỉ ja pỏq ja gủa rào sa rảı da.	I've been to a lot of countries at one point or another.									
A0834	Tủao mỉa súq lî kủq ja pỏq ja rảı jí da.	You've said a lot of things to me.									
A0835	Keo háq bı, mỉa mu chỏ máq da!	But as for the food, everyone liked it!									
A0836	Gảı jí sa mỉa cả da.	I see something that cause a lot of other things.									
A0837	Mả gảı súq mîa pảı hó moq.	Do you see that they are popular?									
A0838	Kủq hó mĩa cả da.	He spoke, causing many things to happen.									
A0839	Hỉaq bỏ hó da.	He doesn't own much.									
A0840	Hỉaq bỏ jí da.	I don't own much.									
A0841	Hỉaq mỉu súq da.	You don't have many opinions.									
A0842	Dủı hỉaq mỉu súq da.	You have too few opinions.									
A0843	Mả súq bı hỉaq pảı moq.	As for you, do you have few friends?									
A0844	Hỉaq jí lî bủ hảı kủq ja pỏq ja rảı.	There isn't much I haven't already said.									
A0845	Gảı jí sa hỉaq rẻobō da.	I see something with not many colors.									
A0846	Keo hîaq bỏ há pa, bủ cả hîaq há dâı jảı ja pỏq rào ja rảı da.	But owning little doesn't mean that you can only rarely be happy.									
A0847	Hỉaq dủa jí da.	I don't know much.									
A0848	Jủı tỉ ní pỉohēa jí da.	This rock is near to me.									
A0849	Jủı tỉ jí súq da.	I am near you.									
A0850	Chẻo jủı tỉ páı da.	The friends are near each other.									
A0851	Jủı rảo kôı jí na jâı jí da.	My walking was near (in time) to my being happy.									
A0852	Jủı rảo hóq shô bỉa jí da.	It was near (in time) to me becomming sick.									
A0853	Jủı mu nẻ dủa jí súq gî jíao.	I'm near to you in how much I know that God is good.									
A0854	Jủı mu nẻ jỏe hó líqhō da.	They're near to her in how skilled they are.									
A0855	Jủı mu nẻ jỏe kỏı hó líqhō da.	They're near to her in how skilled at walking they are.									
A0856	Chẻo jủı mu nẻ jảı póq da.	The people are about has happy as each other.									
A0857	Jủı mỉu jí baq pỏq da.	I have opinions that are close to those of a typical person.									
A0858	Jảo tỉ ní pỉohēa jí da.	That rock is far from me.									
A0859	Jảo tỉ jí súq da.	I am far from you.									
A0860	Chẻo jảo tỉ páı da.	The friends are far from one another.									
A0861	Jảo rảo kôı jí na jâı jí da.	My walking is far (in time) from my being happy.									
A0862	Jảo rảo hóq shô bỉa jí da.	It was far (in time) from my becoming sick.									
A0863	Jảo mu nẻ dủa jí súq gî jíao.	We are far apart in how much we know that God is good.									
A0864	Jảo mu nẻ jỏe hó líqhō da.	They are far from her in how skilled they are.									
A0865	Jảo mu nẻ jỏe kỏı hó líqhō da.	They are far from her in how skilled they are at walking.									
A0866	Chẻo jảo mu nẻ jảı póq da.	The friends feel all different amounts of happiness.									
A0867	Jảo mỉu jí baq pỏq da.	My opinions are far from those of a typical person.									
A0868	Lẻaq tỉ ní pỉohēa jí da.	This rock is right next to me.									
A0869	Lẻaq tỉ jí súq da.	I am right next to you.									
A0870	Chẻo lẻaq tỉ páı da.	The friends are all next to each other.									
A0871	Lẻaq rảo kôı jí na jâı jí da.	My walking was right before/after my being happy.									
A0872	Lẻaq rảo hóq shô bỉa jí da.	It happened right before/after I got sick.									
A0873	Lẻaq mu nẻ dủa jí súq gî jíao.	My knowledge that God is good borders yours (either just above or just below in intensity).									
A0874	Lẻaq mu nẻ jỏe hó líqhō da.	Their skills border hers (either just above or just below).									
A0875	Lẻaq mu nẻ jỏe kỏı hó líqhō da.	Their skills at walking border hers (either just above or just below).									
A0876	Pỏe tỉ ní pỉohēa jí da.	This rock is apart from me (in space).									
A0877	Pỏe tỉ jí súq da.	I am apart from you (in space).									
A0878	Chẻo pỏe tỉ páı da.	The friends are apart from one another (in space).									
A0879	Pỏe rảo kôı jí na jâı jí da.	My walking was apart (in time) from my being happy.									
A0880	Pỏe rảo hóq shô bỉa jí da.	It was apart (in time) from me getting sick.									
A0881	Pỏe mu nẻ dủa jí súq gî jíao.	You and I know to different (separate) degrees that God is good.									
A0882	Pỏe mu nẻ jỏe hó líqhō da.	They and her have separate skill levels.									
A0883	Pỏe mu nẻ jỏe kỏı hó líqhō da.	They are her have separate skill levels at walking.									
A0884	Chẻo pỏe mu nẻ jảı póq da.	The friends are all separate amounts of happy.									
A0885	Pỏe mỉu jí baq pỏq da.	My opinions are different (separate) from those of a typical person.									
A0886	Tẻ hỉao ní kủnē da.	This dog is injured.									
A0887	Tẻ kảqgāı ní nủeq da.	This meat is seen.									
A0888	Tẻ gảı ní rẻq da.	This person was sensed.									
A0889	Tẻ kỏe dé da.	The beautiful thing was chosen.									
A0890	Tẻ kỏe dé sa pủı da.	The beautiful thing was chosen out of many things.									
A0891	Tẻ kủq mó "Pảı jí súq ba." teo da.	"You should be my friend," has been said.									
A0892	Mả hảı tẻ dủa mûaq cáq moq.	Is it already known that the conductor is dead?									
A0893	Tẻ dủa mûaq hó ba.	Let it be known that he is dead.									
A0894	Kỏe jí súq túq pỏq lî mảı ja pỏq ja dẻ da.	I choose you, beautiful, out of all people, to love.									
A0895	Kỏe mảı jí súq túq pỏq da.	I choose you, out of all people, to love.									
A0896	Kỏe rủaq jí pũ bû da.	I chose to declare that it is false.									
A0897	Kỏe rủaq jí jĩa jêo da.	I chode to declare that it is true.									
A0898	Keo, hảı kỏe tảo jí da!	But, I have already decided what to do!									
A0899	Mủaqshō tu hảı kỏe tảo ba.	All who have already chosen die.									
A0900	Hẻqmūo pójī rỉaırīochāo sa hẻqgū da.	My hovercraft is full of eels.		✔️							
A0901	Kủaq pủagōaı jí áq da.	I want to massage myself.									
A0902	Hẻ chỏ baq chẻo pảı baq pỏ áq ga kủqsē da.	Mutual friends tend to like things any of them says.		✔️							
A0903	aq										
A0904	cheq										
A0905	cheq										
A0906	cheq										
A0907	Zảq sa pủaı mỏqsūtā da!	A wild monster appears!		✔️							
A0908	Ní fỉeq bı zảo jí hó da.	That creator I'm familiar with.		✔️							
A0909	zao										
A0910	zai										
A0911	zai										
A0912	Jỏe shỉy baq kỏnīq da.	Rabbits are good at disappearing.		✔️							
A0913	muy										
A0914	muy										
A0915	myi										
A0916	myi										
A0917	Mả tủzȳ baq nảosāı kẻsō moq.	Is melted cheese a soup?		✔️							
A0918	matū										
A0919	mamā										
A0920	mamā										
A0921	abā										
A0922	abā										
A0923	habī										
A0924	zıe…										
A0925											
A0926											
A0927											
A0928											
A0929											
A0930											
A0931											
A0932											
A0933											
A0934											
A0935											
A0936											
A0937											
A0938											
A0939	Lỏı hó baq bủ sủq da.	They have contempt for typical things which aren't you.		✔️							
A0940	Jủaı kùı tîshā sa rủaı nẻoq gòe túao mỉnū da.	Some people are serious because a certain noble Mx. will arrive in a few minutes.		✔️							
A0941	Cả củaı pó púı dỉao chúao da.	Many drops make the window wet.		✔️							
A0942	Lỉaq gủ pósūq lỏaq shè rôe súq da.	Your buttocks are a pair if you are healthy.		✔️							
A0943	Nủoı sa nủq pójī lỏaq da.	Some worm-like animal chews on my buttock.		✔️							
A0944	Dỏe shủo míao gío chà nûoq máq hóegīo da.	Moon functions as a light source in manner that it reflects sunlight.		✔️							
A0945	Bủe púı rỉq lỉao pójī nủotōq da.	Many green fungi live in my mattress.									
A0946	Kủoı shủeq ní rǐoq ríqchāı da.	This type of green tea is less bitter.									
A0947	Kủoı sỏe ní rǐoq káfē da.	This type of coffee is less sour.									
A0948	Sỏe ru shủeq ní zẻo kùı bû kỏaq máq da.	That fruit is sour and bitter because it is not ripe.									
A0949	Dảosī súq díu sǔ hı rảı moq.	You are interested in the science of what thing?									
A0950	Hỏaqgīo sa lỏe nìe héaqkīu gỉokēa ba.	Let/May some fire be a flame-light in portable lamp.									
A0951	Hỏaq chòe jûoq bủ shủe tỉ kúoq da.	It burns until even bone doesn't remain.									
A0952	Chỉopūı rủaq náqdēo tî cáı nỏı pésō pǒhō da.	Boy repeatedly asserts that strong pain is at his penis.									
A0953	Chỉ sıa pỏq chêaq tảı hóı gỏıchē da.	Nobody believes that the doctor is trusted to succeed.									
A0954	Chẻ jí gûaı jủq hỉe ja dỏ héqchūo tỉaı tì méaqcē da.	I am a worker of accepting and transporting container boxes at harbour.									
A0955	Hı chủecē pa sỏq fủı tỉshā kóı fǎ máq ní moq.	Which train station is the easiest to arrive at for walker going there from here?									
A0956	Fẻotī túchāocē hı fẻo ní moq.	At which direction busstop is from here?									
A0957	Shéaqsāo mẻı roı híaodāı hỉu pa rẻa hóı dỏaq da.	Tall mountain and dangerous river are border of the settlement.									
A0958	Shủı tỉ hı rảı gùq rúqnūao moq.	What is hidden underneath rainbow?									
A0959	Tỉdūashō púqhō kúo kảtō jéoq nǐe póetōq da.	They find out that black cat is at hollow inside of wall.									
A0960	Kủeq mórī gúe rẻa sǔ déaq da.	Ants gathers at corner of floor.									
A0961	Gỉq lẻ hôaı mỏaq róaqrōaq sa pỏ súq da.	It's unlikely that grandparent still remembers something of yours.									
A0962	Pủjāo fûo hó jí sõq pủjūı da.	It's a long time ago that he/she was in contact with me most recently.									
A0963	Tu nỉ chảo pa tẻ lî bỏnūa jũaochīaı da.	All of that cars are stolen ones.									
A0964	Hủogāıkīu sa pỏ jíao ga chủa pǒ búdāchūaq ba.	Make some god's name of Buddhism audible.									
A0965	Dũcēo bı pú dủ sẻ dẻa pǒ chíq pa kẻq pỏ shúao da.	It turns out that what seemed to be a result of hitting of a bug is poo of a bird.									
A0966	Rẻaq ru jỉaı go pójī gỉeshīo ba.	Recline on and hold my shoulder.									
A0967	Bủ kỉu rỉudōa fúq tě gẻı da.	An article of clothing which has been worn is not able to be given back.									
A0968	Mủoq ní chúaı nỏaı roı kéaq dủaobōe da.	This is made of frozen milk and salty cookies.									
A0969	Nẻo púı shỉapōaqsē ní kỏıtīeq da.	Many pieces of broken glass are on this walking way.									
A0970	Jủoq jí gôı go ja dỏ shìu dûı rẻoq da.	I should be treated before it's too late.									
A0971	Dủı sẻakūaı jí lî fả go bíajīo da.	I am too exhausted to go to hospital.									
A0972	Kủaq kủaı mủaq hó chãqtū cã nỏılīe da.	Painfully, he/she shows urge to be dead every day.									
A0973	Chẻo sỏı báobāo roı máomāo cà lẻ sủo kúa da.	Doggy and kitty are fighting, so the room might be broken.		✔️							
A0974											
A0975											
A0976											
A0977											
A0978	Nỏa sủaı fỉeq púı shủaı kủqtōaı da.	It is hard to quickly create many simple sentences.									
A0979											
A0980	Nảı shỏ mủo tủa dủa jí súq tu lủ dủa jí hóa pỏ póq gẻo da.	Now I have told you all I know about the person.									
A0981	Nỏqrūe kúochāı pǒ ní hảqrīaq na jìe jí da.	This restaurant's black tea is weak in flavour to me.									
A0982	Mả tẻaqrīaı nỉ lú nảı jỏaı hỏa súq moq.	Is it this bra that you're searching for now?									
A0983	Súq bı sỉu téaq séaqkīoq jàqbīaq tîao sa gủ tẻaqrīaı da.	As for you: your breasts are similar enough to your testicles to warrant two bras.									
A0984											
A0985											
A0986											
A0987											
A0988											
A0989											
A0990	Nìe ní hẻqchūo nảotī bı tảq nảosīqtūa bũ ba.	In this submerged container, do not bathe yourself.									
A0991	Pỏ súq ní tỏesē ka.	This slice is hereby yours.									
A0992	Tủa fả jí súq húıtāojīo ka.	I am taking you to jail.									
A0993											
A0994	Ke nủaq bı póhō nỉq fủq pa shỏ jảq gẻaq da.	As for that night, her new clothing got very dirty.									
A0995	Pósūq tỏakūe bı nảı chỏq hó máq, ju bủ dủa jí nâı tỉ hó hı rảı da.	As for your dictionary, he is currently using it (I don't know where he is now).									
A0996	Jỏe jỏaı ní kủnē lî pỏ márīhūanā ga shỉq sè pûıchīo chỉetūa da.	This dog is skilled at searching for the smell of marijuana as a result of teaching (it) many times.									
A0997	Náq hěaq hóa tóechūo pa chỏıdēa sa pủq pỏq nãıpū da.	As for the man carrying the knife, he just stabbed the people.									
A0998	Pủ dủ nảq jìe jí keo nảı mỉu dảı lẻ bủ hảo da.	They seemed to be male to me, but now (I) think that it is possible they probably aren't.									
A0999	Ní sảq jẻatōaı bı sủe tẻq cu néıfūenēıhēınēı ka.	As for these 3 transactions, there was promise of paying the 999 (dollars).									
A1000	Sủaojīekūaq púq jỉ kô bỉq súq lúı chỏaq ka.	We celebrate you being the 1000th visitor!									
A1001	Hỉa ke sủqpā kảqgāı moq.	What is it you are looking at?									